ProductID,Name
879,All-Purpose Bike Stand
712,AWC Logo Cap
877,Bike Wash - Dissolver
843,Cable Lock
952,Chain
866,"Classic Vest, L"
865,"Classic Vest, M"
864,"Classic Vest, S"
878,Fender Set - Mountain
948,Front Brakes
945,Front Derailleur
863,"Full-Finger Gloves, L"
862,"Full-Finger Gloves, M"
861,"Full-Finger Gloves, S"
860,"Half-Finger Gloves, L"
859,"Half-Finger Gloves, M"
858,"Half-Finger Gloves, S"
847,Headlights - Dual-Beam
848,Headlights - Weatherproof
876,Hitch Rack - 4-Bike
996,HL Bottom Bracket
951,HL Crankset
804,HL Fork
807,HL Headset
747,"HL Mountain Frame - Black, 38"
743,"HL Mountain Frame - Black, 42"
744,"HL Mountain Frame - Black, 44"
746,"HL Mountain Frame - Black, 46"
745,"HL Mountain Frame - Black, 48"
748,"HL Mountain Frame - Silver, 38"
739,"HL Mountain Frame - Silver, 42"
740,"HL Mountain Frame - Silver, 44"
742,"HL Mountain Frame - Silver, 46"
741,"HL Mountain Frame - Silver, 48"
817,HL Mountain Front Wheel
810,HL Mountain Handlebars
937,HL Mountain Pedal
825,HL Mountain Rear Wheel
910,HL Mountain Seat/Saddle
930,HL Mountain Tire
838,"HL Road Frame - Black, 44"
839,"HL Road Frame - Black, 48"
840,"HL Road Frame - Black, 52"
680,"HL Road Frame - Black, 58"
837,"HL Road Frame - Black, 62"
718,"HL Road Frame - Red, 44"
719,"HL Road Frame - Red, 48"
720,"HL Road Frame - Red, 52"
721,"HL Road Frame - Red, 56"
706,"HL Road Frame - Red, 58"
717,"HL Road Frame - Red, 62"
820,HL Road Front Wheel
813,HL Road Handlebars
940,HL Road Pedal
828,HL Road Rear Wheel
913,HL Road Seat/Saddle
933,HL Road Tire
890,"HL Touring Frame - Blue, 46"
891,"HL Touring Frame - Blue, 50"
892,"HL Touring Frame - Blue, 54"
893,"HL Touring Frame - Blue, 60"
887,"HL Touring Frame - Yellow, 46"
888,"HL Touring Frame - Yellow, 50"
889,"HL Touring Frame - Yellow, 54"
885,"HL Touring Frame - Yellow, 60"
947,HL Touring Handlebars
916,HL Touring Seat/Saddle
880,Hydration Pack - 70 oz.
994,LL Bottom Bracket
949,LL Crankset
802,LL Fork
805,LL Headset
943,"LL Mountain Frame - Black, 40"
924,"LL Mountain Frame - Black, 42"
925,"LL Mountain Frame - Black, 44"
926,"LL Mountain Frame - Black, 48"
927,"LL Mountain Frame - Black, 52"
944,"LL Mountain Frame - Silver, 40"
917,"LL Mountain Frame - Silver, 42"
918,"LL Mountain Frame - Silver, 44"
919,"LL Mountain Frame - Silver, 48"
920,"LL Mountain Frame - Silver, 52"
815,LL Mountain Front Wheel
808,LL Mountain Handlebars
935,LL Mountain Pedal
823,LL Mountain Rear Wheel
908,LL Mountain Seat/Saddle
928,LL Mountain Tire
736,"LL Road Frame - Black, 44"
737,"LL Road Frame - Black, 48"
738,"LL Road Frame - Black, 52"
722,"LL Road Frame - Black, 58"
723,"LL Road Frame - Black, 60"
724,"LL Road Frame - Black, 62"
725,"LL Road Frame - Red, 44"
726,"LL Road Frame - Red, 48"
727,"LL Road Frame - Red, 52"
728,"LL Road Frame - Red, 58"
729,"LL Road Frame - Red, 60"
730,"LL Road Frame - Red, 62"
818,LL Road Front Wheel
811,LL Road Handlebars
938,LL Road Pedal
826,LL Road Rear Wheel
911,LL Road Seat/Saddle
931,LL Road Tire
903,"LL Touring Frame - Blue, 44"
895,"LL Touring Frame - Blue, 50"
896,"LL Touring Frame - Blue, 54"
897,"LL Touring Frame - Blue, 58"
898,"LL Touring Frame - Blue, 62"
899,"LL Touring Frame - Yellow, 44"
900,"LL Touring Frame - Yellow, 50"
901,"LL Touring Frame - Yellow, 54"
902,"LL Touring Frame - Yellow, 58"
886,"LL Touring Frame - Yellow, 62"
946,LL Touring Handlebars
914,LL Touring Seat/Saddle
715,"Long-Sleeve Logo Jersey, L"
714,"Long-Sleeve Logo Jersey, M"
713,"Long-Sleeve Logo Jersey, S"
716,"Long-Sleeve Logo Jersey, XL"
857,"Men's Bib-Shorts, L"
856,"Men's Bib-Shorts, M"
855,"Men's Bib-Shorts, S"
850,"Men's Sports Shorts, L"
849,"Men's Sports Shorts, M"
841,"Men's Sports Shorts, S"
851,"Men's Sports Shorts, XL"
844,Minipump
995,ML Bottom Bracket
950,ML Crankset
803,ML Fork
806,ML Headset
814,"ML Mountain Frame - Black, 38"
830,"ML Mountain Frame - Black, 40"
831,"ML Mountain Frame - Black, 44"
832,"ML Mountain Frame - Black, 48"
942,"ML Mountain Frame-W - Silver, 38"
904,"ML Mountain Frame-W - Silver, 40"
905,"ML Mountain Frame-W - Silver, 42"
906,"ML Mountain Frame-W - Silver, 46"
816,ML Mountain Front Wheel
809,ML Mountain Handlebars
936,ML Mountain Pedal
824,ML Mountain Rear Wheel
909,ML Mountain Seat/Saddle
929,ML Mountain Tire
731,"ML Road Frame - Red, 44"
732,"ML Road Frame - Red, 48"
733,"ML Road Frame - Red, 52"
734,"ML Road Frame - Red, 58"
735,"ML Road Frame - Red, 60"
822,"ML Road Frame-W - Yellow, 38"
833,"ML Road Frame-W - Yellow, 40"
834,"ML Road Frame-W - Yellow, 42"
835,"ML Road Frame-W - Yellow, 44"
836,"ML Road Frame-W - Yellow, 48"
819,ML Road Front Wheel
812,ML Road Handlebars
939,ML Road Pedal
827,ML Road Rear Wheel
912,ML Road Seat/Saddle
932,ML Road Tire
915,ML Touring Seat/Saddle
710,"Mountain Bike Socks, L"
709,"Mountain Bike Socks, M"
871,Mountain Bottle Cage
845,Mountain Pump
921,Mountain Tire Tube
775,"Mountain-100 Black, 38"
776,"Mountain-100 Black, 42"
777,"Mountain-100 Black, 44"
778,"Mountain-100 Black, 48"
771,"Mountain-100 Silver, 38"
772,"Mountain-100 Silver, 42"
773,"Mountain-100 Silver, 44"
774,"Mountain-100 Silver, 48"
782,"Mountain-200 Black, 38"
783,"Mountain-200 Black, 42"
784,"Mountain-200 Black, 46"
779,"Mountain-200 Silver, 38"
780,"Mountain-200 Silver, 42"
781,"Mountain-200 Silver, 46"
785,"Mountain-300 Black, 38"
786,"Mountain-300 Black, 40"
787,"Mountain-300 Black, 44"
788,"Mountain-300 Black, 48"
980,"Mountain-400-W Silver, 38"
981,"Mountain-400-W Silver, 40"
982,"Mountain-400-W Silver, 42"
983,"Mountain-400-W Silver, 46"
989,"Mountain-500 Black, 40"
990,"Mountain-500 Black, 42"
991,"Mountain-500 Black, 44"
992,"Mountain-500 Black, 48"
993,"Mountain-500 Black, 52"
984,"Mountain-500 Silver, 40"
985,"Mountain-500 Silver, 42"
986,"Mountain-500 Silver, 44"
987,"Mountain-500 Silver, 48"
988,"Mountain-500 Silver, 52"
873,Patch Kit/8 Patches
875,"Racing Socks, L"
874,"Racing Socks, M"
907,Rear Brakes
894,Rear Derailleur
872,Road Bottle Cage
922,Road Tire Tube
750,"Road-150 Red, 44"
751,"Road-150 Red, 48"
752,"Road-150 Red, 52"
753,"Road-150 Red, 56"
749,"Road-150 Red, 62"
793,"Road-250 Black, 44"
794,"Road-250 Black, 48"
795,"Road-250 Black, 52"
796,"Road-250 Black, 58"
789,"Road-250 Red, 44"
790,"Road-250 Red, 48"
791,"Road-250 Red, 52"
792,"Road-250 Red, 58"
973,"Road-350-W Yellow, 40"
974,"Road-350-W Yellow, 42"
975,"Road-350-W Yellow, 44"
976,"Road-350-W Yellow, 48"
756,"Road-450 Red, 44"
757,"Road-450 Red, 48"
758,"Road-450 Red, 52"
754,"Road-450 Red, 58"
755,"Road-450 Red, 60"
797,"Road-550-W Yellow, 38"
798,"Road-550-W Yellow, 40"
799,"Road-550-W Yellow, 42"
800,"Road-550-W Yellow, 44"
801,"Road-550-W Yellow, 48"
768,"Road-650 Black, 44"
769,"Road-650 Black, 48"
770,"Road-650 Black, 52"
765,"Road-650 Black, 58"
766,"Road-650 Black, 60"
767,"Road-650 Black, 62"
762,"Road-650 Red, 44"
763,"Road-650 Red, 48"
764,"Road-650 Red, 52"
759,"Road-650 Red, 58"
760,"Road-650 Red, 60"
761,"Road-650 Red, 62"
997,"Road-750 Black, 44"
998,"Road-750 Black, 48"
999,"Road-750 Black, 52"
977,"Road-750 Black, 58"
883,"Short-Sleeve Classic Jersey, L"
882,"Short-Sleeve Classic Jersey, M"
881,"Short-Sleeve Classic Jersey, S"
884,"Short-Sleeve Classic Jersey, XL"
708,"Sport-100 Helmet, Black"
711,"Sport-100 Helmet, Blue"
707,"Sport-100 Helmet, Red"
846,Taillights - Battery-Powered
821,Touring Front Wheel
941,Touring Pedal
829,Touring Rear Wheel
934,Touring Tire
923,Touring Tire Tube
966,"Touring-1000 Blue, 46"
967,"Touring-1000 Blue, 50"
968,"Touring-1000 Blue, 54"
969,"Touring-1000 Blue, 60"
954,"Touring-1000 Yellow, 46"
955,"Touring-1000 Yellow, 50"
956,"Touring-1000 Yellow, 54"
957,"Touring-1000 Yellow, 60"
970,"Touring-2000 Blue, 46"
971,"Touring-2000 Blue, 50"
972,"Touring-2000 Blue, 54"
953,"Touring-2000 Blue, 60"
978,"Touring-3000 Blue, 44"
979,"Touring-3000 Blue, 50"
958,"Touring-3000 Blue, 54"
959,"Touring-3000 Blue, 58"
960,"Touring-3000 Blue, 62"
961,"Touring-3000 Yellow, 44"
962,"Touring-3000 Yellow, 50"
963,"Touring-3000 Yellow, 54"
964,"Touring-3000 Yellow, 58"
965,"Touring-3000 Yellow, 62"
842,"Touring-Panniers, Large"
870,Water Bottle - 30 oz.
869,"Women's Mountain Shorts, L"
868,"Women's Mountain Shorts, M"
867,"Women's Mountain Shorts, S"
854,"Women's Tights, L"
853,"Women's Tights, M"
852,"Women's Tights, S"
