ProductID,Name,ProductNumber
680,"HL Road Frame - Black, 58",FR-R92B-58
706,"HL Road Frame - Red, 58",FR-R92R-58
707,"Sport-100 Helmet, Red",HL-U509-R
708,"Sport-100 Helmet, Black",HL-U509
709,"Mountain Bike Socks, M",SO-B909-M
710,"Mountain Bike Socks, L",SO-B909-L
711,"Sport-100 Helmet, Blue",HL-U509-B
712,AWC Logo Cap,CA-1098
713,"Long-Sleeve Logo Jersey, S",LJ-0192-S
714,"Long-Sleeve Logo Jersey, M",LJ-0192-M
715,"Long-Sleeve Logo Jersey, L",LJ-0192-L
716,"Long-Sleeve Logo Jersey, XL",LJ-0192-X
717,"HL Road Frame - Red, 62",FR-R92R-62
718,"HL Road Frame - Red, 44",FR-R92R-44
719,"HL Road Frame - Red, 48",FR-R92R-48
720,"HL Road Frame - Red, 52",FR-R92R-52
721,"HL Road Frame - Red, 56",FR-R92R-56
722,"LL Road Frame - Black, 58",FR-R38B-58
723,"LL Road Frame - Black, 60",FR-R38B-60
724,"LL Road Frame - Black, 62",FR-R38B-62
725,"LL Road Frame - Red, 44",FR-R38R-44
726,"LL Road Frame - Red, 48",FR-R38R-48
727,"LL Road Frame - Red, 52",FR-R38R-52
728,"LL Road Frame - Red, 58",FR-R38R-58
729,"LL Road Frame - Red, 60",FR-R38R-60
730,"LL Road Frame - Red, 62",FR-R38R-62
731,"ML Road Frame - Red, 44",FR-R72R-44
732,"ML Road Frame - Red, 48",FR-R72R-48
733,"ML Road Frame - Red, 52",FR-R72R-52
734,"ML Road Frame - Red, 58",FR-R72R-58
735,"ML Road Frame - Red, 60",FR-R72R-60
736,"LL Road Frame - Black, 44",FR-R38B-44
737,"LL Road Frame - Black, 48",FR-R38B-48
738,"LL Road Frame - Black, 52",FR-R38B-52
739,"HL Mountain Frame - Silver, 42",FR-M94S-42
740,"HL Mountain Frame - Silver, 44",FR-M94S-44
741,"HL Mountain Frame - Silver, 48",FR-M94S-52
742,"HL Mountain Frame - Silver, 46",FR-M94S-46
743,"HL Mountain Frame - Black, 42",FR-M94B-42
744,"HL Mountain Frame - Black, 44",FR-M94B-44
745,"HL Mountain Frame - Black, 48",FR-M94B-48
746,"HL Mountain Frame - Black, 46",FR-M94B-46
747,"HL Mountain Frame - Black, 38",FR-M94B-38
748,"HL Mountain Frame - Silver, 38",FR-M94S-38
749,"Road-150 Red, 62",BK-R93R-62
750,"Road-150 Red, 44",BK-R93R-44
751,"Road-150 Red, 48",BK-R93R-48
752,"Road-150 Red, 52",BK-R93R-52
753,"Road-150 Red, 56",BK-R93R-56
754,"Road-450 Red, 58",BK-R68R-58
755,"Road-450 Red, 60",BK-R68R-60
756,"Road-450 Red, 44",BK-R68R-44
757,"Road-450 Red, 48",BK-R68R-48
758,"Road-450 Red, 52",BK-R68R-52
759,"Road-650 Red, 58",BK-R50R-58
760,"Road-650 Red, 60",BK-R50R-60
761,"Road-650 Red, 62",BK-R50R-62
762,"Road-650 Red, 44",BK-R50R-44
763,"Road-650 Red, 48",BK-R50R-48
764,"Road-650 Red, 52",BK-R50R-52
765,"Road-650 Black, 58",BK-R50B-58
766,"Road-650 Black, 60",BK-R50B-60
767,"Road-650 Black, 62",BK-R50B-62
768,"Road-650 Black, 44",BK-R50B-44
769,"Road-650 Black, 48",BK-R50B-48
770,"Road-650 Black, 52",BK-R50B-52
771,"Mountain-100 Silver, 38",BK-M82S-38
772,"Mountain-100 Silver, 42",BK-M82S-42
773,"Mountain-100 Silver, 44",BK-M82S-44
774,"Mountain-100 Silver, 48",BK-M82S-48
775,"Mountain-100 Black, 38",BK-M82B-38
776,"Mountain-100 Black, 42",BK-M82B-42
777,"Mountain-100 Black, 44",BK-M82B-44
778,"Mountain-100 Black, 48",BK-M82B-48
779,"Mountain-200 Silver, 38",BK-M68S-38
780,"Mountain-200 Silver, 42",BK-M68S-42
781,"Mountain-200 Silver, 46",BK-M68S-46
782,"Mountain-200 Black, 38",BK-M68B-38
783,"Mountain-200 Black, 42",BK-M68B-42
784,"Mountain-200 Black, 46",BK-M68B-46
785,"Mountain-300 Black, 38",BK-M47B-38
786,"Mountain-300 Black, 40",BK-M47B-40
787,"Mountain-300 Black, 44",BK-M47B-44
788,"Mountain-300 Black, 48",BK-M47B-48
789,"Road-250 Red, 44",BK-R89R-44
790,"Road-250 Red, 48",BK-R89R-48
791,"Road-250 Red, 52",BK-R89R-52
792,"Road-250 Red, 58",BK-R89R-58
793,"Road-250 Black, 44",BK-R89B-44
794,"Road-250 Black, 48",BK-R89B-48
795,"Road-250 Black, 52",BK-R89B-52
796,"Road-250 Black, 58",BK-R89B-58
797,"Road-550-W Yellow, 38",BK-R64Y-38
798,"Road-550-W Yellow, 40",BK-R64Y-40
799,"Road-550-W Yellow, 42",BK-R64Y-42
800,"Road-550-W Yellow, 44",BK-R64Y-44
801,"Road-550-W Yellow, 48",BK-R64Y-48
802,LL Fork,FK-1639
803,ML Fork,FK-5136
804,HL Fork,FK-9939
805,LL Headset,HS-0296
806,ML Headset,HS-2451
807,HL Headset,HS-3479
808,LL Mountain Handlebars,HB-M243
809,ML Mountain Handlebars,HB-M763
810,HL Mountain Handlebars,HB-M918
811,LL Road Handlebars,HB-R504
812,ML Road Handlebars,HB-R720
813,HL Road Handlebars,HB-R956
814,"ML Mountain Frame - Black, 38",FR-M63B-38
815,LL Mountain Front Wheel,FW-M423
816,ML Mountain Front Wheel,FW-M762
817,HL Mountain Front Wheel,FW-M928
818,LL Road Front Wheel,FW-R623
819,ML Road Front Wheel,FW-R762
820,HL Road Front Wheel,FW-R820
821,Touring Front Wheel,FW-T905
822,"ML Road Frame-W - Yellow, 38",FR-R72Y-38
823,LL Mountain Rear Wheel,RW-M423
824,ML Mountain Rear Wheel,RW-M762
825,HL Mountain Rear Wheel,RW-M928
826,LL Road Rear Wheel,RW-R623
827,ML Road Rear Wheel,RW-R762
828,HL Road Rear Wheel,RW-R820
829,Touring Rear Wheel,RW-T905
830,"ML Mountain Frame - Black, 40",FR-M63B-40
831,"ML Mountain Frame - Black, 44",FR-M63B-44
832,"ML Mountain Frame - Black, 48",FR-M63B-48
833,"ML Road Frame-W - Yellow, 40",FR-R72Y-40
834,"ML Road Frame-W - Yellow, 42",FR-R72Y-42
835,"ML Road Frame-W - Yellow, 44",FR-R72Y-44
836,"ML Road Frame-W - Yellow, 48",FR-R72Y-48
837,"HL Road Frame - Black, 62",FR-R92B-62
838,"HL Road Frame - Black, 44",FR-R92B-44
839,"HL Road Frame - Black, 48",FR-R92B-48
840,"HL Road Frame - Black, 52",FR-R92B-52
841,"Men's Sports Shorts, S",SH-M897-S
842,"Touring-Panniers, Large",PA-T100
843,Cable Lock,LO-C100
844,Minipump,PU-0452
845,Mountain Pump,PU-M044
846,Taillights - Battery-Powered,LT-T990
847,Headlights - Dual-Beam,LT-H902
848,Headlights - Weatherproof,LT-H903
849,"Men's Sports Shorts, M",SH-M897-M
850,"Men's Sports Shorts, L",SH-M897-L
851,"Men's Sports Shorts, XL",SH-M897-X
852,"Women's Tights, S",TG-W091-S
853,"Women's Tights, M",TG-W091-M
854,"Women's Tights, L",TG-W091-L
855,"Men's Bib-Shorts, S",SB-M891-S
856,"Men's Bib-Shorts, M",SB-M891-M
857,"Men's Bib-Shorts, L",SB-M891-L
858,"Half-Finger Gloves, S",GL-H102-S
859,"Half-Finger Gloves, M",GL-H102-M
860,"Half-Finger Gloves, L",GL-H102-L
861,"Full-Finger Gloves, S",GL-F110-S
862,"Full-Finger Gloves, M",GL-F110-M
863,"Full-Finger Gloves, L",GL-F110-L
864,"Classic Vest, S",VE-C304-S
865,"Classic Vest, M",VE-C304-M
866,"Classic Vest, L",VE-C304-L
867,"Women's Mountain Shorts, S",SH-W890-S
868,"Women's Mountain Shorts, M",SH-W890-M
869,"Women's Mountain Shorts, L",SH-W890-L
870,Water Bottle - 30 oz.,WB-H098
871,Mountain Bottle Cage,BC-M005
872,Road Bottle Cage,BC-R205
873,Patch Kit/8 Patches,PK-7098
874,"Racing Socks, M",SO-R809-M
875,"Racing Socks, L",SO-R809-L
876,Hitch Rack - 4-Bike,RA-H123
877,Bike Wash - Dissolver,CL-9009
878,Fender Set - Mountain,FE-6654
879,All-Purpose Bike Stand,ST-1401
880,Hydration Pack - 70 oz.,HY-1023-70
881,"Short-Sleeve Classic Jersey, S",SJ-0194-S
882,"Short-Sleeve Classic Jersey, M",SJ-0194-M
883,"Short-Sleeve Classic Jersey, L",SJ-0194-L
884,"Short-Sleeve Classic Jersey, XL",SJ-0194-X
885,"HL Touring Frame - Yellow, 60",FR-T98Y-60
886,"LL Touring Frame - Yellow, 62",FR-T67Y-62
887,"HL Touring Frame - Yellow, 46",FR-T98Y-46
888,"HL Touring Frame - Yellow, 50",FR-T98Y-50
889,"HL Touring Frame - Yellow, 54",FR-T98Y-54
890,"HL Touring Frame - Blue, 46",FR-T98U-46
891,"HL Touring Frame - Blue, 50",FR-T98U-50
892,"HL Touring Frame - Blue, 54",FR-T98U-54
893,"HL Touring Frame - Blue, 60",FR-T98U-60
894,Rear Derailleur,RD-2308
895,"LL Touring Frame - Blue, 50",FR-T67U-50
896,"LL Touring Frame - Blue, 54",FR-T67U-54
897,"LL Touring Frame - Blue, 58",FR-T67U-58
898,"LL Touring Frame - Blue, 62",FR-T67U-62
899,"LL Touring Frame - Yellow, 44",FR-T67Y-44
900,"LL Touring Frame - Yellow, 50",FR-T67Y-50
901,"LL Touring Frame - Yellow, 54",FR-T67Y-54
902,"LL Touring Frame - Yellow, 58",FR-T67Y-58
903,"LL Touring Frame - Blue, 44",FR-T67U-44
904,"ML Mountain Frame-W - Silver, 40",FR-M63S-40
905,"ML Mountain Frame-W - Silver, 42",FR-M63S-42
906,"ML Mountain Frame-W - Silver, 46",FR-M63S-46
907,Rear Brakes,RB-9231
908,LL Mountain Seat/Saddle,SE-M236
909,ML Mountain Seat/Saddle,SE-M798
910,HL Mountain Seat/Saddle,SE-M940
911,LL Road Seat/Saddle,SE-R581
912,ML Road Seat/Saddle,SE-R908
913,HL Road Seat/Saddle,SE-R995
914,LL Touring Seat/Saddle,SE-T312
915,ML Touring Seat/Saddle,SE-T762
916,HL Touring Seat/Saddle,SE-T924
917,"LL Mountain Frame - Silver, 42",FR-M21S-42
918,"LL Mountain Frame - Silver, 44",FR-M21S-44
919,"LL Mountain Frame - Silver, 48",FR-M21S-48
920,"LL Mountain Frame - Silver, 52",FR-M21S-52
921,Mountain Tire Tube,TT-M928
922,Road Tire Tube,TT-R982
923,Touring Tire Tube,TT-T092
924,"LL Mountain Frame - Black, 42",FR-M21B-42
925,"LL Mountain Frame - Black, 44",FR-M21B-44
926,"LL Mountain Frame - Black, 48",FR-M21B-48
927,"LL Mountain Frame - Black, 52",FR-M21B-52
928,LL Mountain Tire,TI-M267
929,ML Mountain Tire,TI-M602
930,HL Mountain Tire,TI-M823
931,LL Road Tire,TI-R092
932,ML Road Tire,TI-R628
933,HL Road Tire,TI-R982
934,Touring Tire,TI-T723
935,LL Mountain Pedal,PD-M282
936,ML Mountain Pedal,PD-M340
937,HL Mountain Pedal,PD-M562
938,LL Road Pedal,PD-R347
939,ML Road Pedal,PD-R563
940,HL Road Pedal,PD-R853
941,Touring Pedal,PD-T852
942,"ML Mountain Frame-W - Silver, 38",FR-M63S-38
943,"LL Mountain Frame - Black, 40",FR-M21B-40
944,"LL Mountain Frame - Silver, 40",FR-M21S-40
945,Front Derailleur,FD-2342
946,LL Touring Handlebars,HB-T721
947,HL Touring Handlebars,HB-T928
948,Front Brakes,FB-9873
949,LL Crankset,CS-4759
950,ML Crankset,CS-6583
951,HL Crankset,CS-9183
952,Chain,CH-0234
953,"Touring-2000 Blue, 60",BK-T44U-60
954,"Touring-1000 Yellow, 46",BK-T79Y-46
955,"Touring-1000 Yellow, 50",BK-T79Y-50
956,"Touring-1000 Yellow, 54",BK-T79Y-54
957,"Touring-1000 Yellow, 60",BK-T79Y-60
958,"Touring-3000 Blue, 54",BK-T18U-54
959,"Touring-3000 Blue, 58",BK-T18U-58
960,"Touring-3000 Blue, 62",BK-T18U-62
961,"Touring-3000 Yellow, 44",BK-T18Y-44
962,"Touring-3000 Yellow, 50",BK-T18Y-50
963,"Touring-3000 Yellow, 54",BK-T18Y-54
964,"Touring-3000 Yellow, 58",BK-T18Y-58
965,"Touring-3000 Yellow, 62",BK-T18Y-62
966,"Touring-1000 Blue, 46",BK-T79U-46
967,"Touring-1000 Blue, 50",BK-T79U-50
968,"Touring-1000 Blue, 54",BK-T79U-54
969,"Touring-1000 Blue, 60",BK-T79U-60
970,"Touring-2000 Blue, 46",BK-T44U-46
971,"Touring-2000 Blue, 50",BK-T44U-50
972,"Touring-2000 Blue, 54",BK-T44U-54
973,"Road-350-W Yellow, 40",BK-R79Y-40
974,"Road-350-W Yellow, 42",BK-R79Y-42
975,"Road-350-W Yellow, 44",BK-R79Y-44
976,"Road-350-W Yellow, 48",BK-R79Y-48
977,"Road-750 Black, 58",BK-R19B-58
978,"Touring-3000 Blue, 44",BK-T18U-44
979,"Touring-3000 Blue, 50",BK-T18U-50
980,"Mountain-400-W Silver, 38",BK-M38S-38
981,"Mountain-400-W Silver, 40",BK-M38S-40
982,"Mountain-400-W Silver, 42",BK-M38S-42
983,"Mountain-400-W Silver, 46",BK-M38S-46
984,"Mountain-500 Silver, 40",BK-M18S-40
985,"Mountain-500 Silver, 42",BK-M18S-42
986,"Mountain-500 Silver, 44",BK-M18S-44
987,"Mountain-500 Silver, 48",BK-M18S-48
988,"Mountain-500 Silver, 52",BK-M18S-52
989,"Mountain-500 Black, 40",BK-M18B-40
990,"Mountain-500 Black, 42",BK-M18B-42
991,"Mountain-500 Black, 44",BK-M18B-44
992,"Mountain-500 Black, 48",BK-M18B-48
993,"Mountain-500 Black, 52",BK-M18B-52
994,LL Bottom Bracket,BB-7421
995,ML Bottom Bracket,BB-8107
996,HL Bottom Bracket,BB-9108
997,"Road-750 Black, 44",BK-R19B-44
998,"Road-750 Black, 48",BK-R19B-48
999,"Road-750 Black, 52",BK-R19B-52
